SOC,OCV_V,Reff_Ohm,Reff_mOhm,R0_Ohm,R1_Ohm,C1_F,R2_Ohm,C2_F
0.05,12.2268589472575,0.0102320221558779,10.2320221558779,0.005,0.00183120775455726,10921.7536624268,0.00340081440132062,176428.328393048
0.06,12.391183864235,0.00968035728657101,9.68035728657101,0.005,0.00163812505029985,12209.0801287356,0.00304223223627116,197223.602079576
0.07,12.5037991209692,0.00910329017735833,9.10329017735834,0.005,0.00143615156207542,13926.1067760129,0.00266713861528292,224960.186381747
0.08,12.5766778248347,0.00850242558887177,8.50242558887177,0.005,0.00122584895610512,16315.2237479125,0.00227657663276665,263553.614389356
0.09,12.6240560345223,0.0078571531368318,7.8571531368318,0.005,0.00100000359789113,19999.9280424363,0.00185714953894067,323075.76068551
0.1,12.655510447196,0.00712026535721613,7.12026535721613,0.005,0.000742092875025645,26950.8045058496,0.00137817248219048,435359.149709877
0.11,12.6736711487957,0.00642804527556062,6.42804527556062,0.005,0.000499815846446218,40014.7377123067,0.000928229429114405,646391.916891109
0.12,12.6800712035737,0.00576723223287601,5.76723223287601,0.005,0.000268531281506602,74479.2185394173,0.000498700951369404,1203125.83794443
0.13,12.6910129231721,0.00532491209013283,5.32491209013283,0.005,0.000113719231546489,175871.747707193,0.000211192858586337,2841005.15527004
0.14,12.7170111910524,0.00516301680976793,5.16301680976793,0.005,5.70558834187752e-05,350533.526108171,0.000105960926349154,5662464.65251661
0.15,12.7467572240621,0.00506567873875091,5.06567873875091,0.00496567873875091,3.50000000000001e-05,571428.57142857,6.50000000000002e-05,9230769.23076921
0.16,12.7727547830805,0.0049029077729885,4.9029077729885,0.0048029077729885,3.50000000000001e-05,571428.57142857,6.50000000000002e-05,9230769.23076921
0.17,12.7941668780922,0.00469870119092509,4.69870119092509,0.00459870119092509,3.50000000000001e-05,571428.57142857,6.50000000000002e-05,9230769.23076921
0.18,12.8144751213576,0.00453057598608134,4.53057598608134,0.00443057598608134,3.50000000000001e-05,571428.57142857,6.50000000000002e-05,9230769.23076921
0.19,12.8340857049127,0.00442165141752564,4.42165141752564,0.00432165141752564,3.50000000000001e-05,571428.57142857,6.50000000000002e-05,9230769.23076921
0.2,12.8524238282068,0.00434314745966229,4.34314745966229,0.00424314745966229,3.50000000000001e-05,571428.57142857,6.50000000000002e-05,9230769.23076921
0.21,12.8686985188499,0.00425986523725928,4.25986523725928,0.00415986523725928,3.50000000000001e-05,571428.57142857,6.50000000000002e-05,9230769.23076921
0.22,12.8830623699877,0.00416205943941003,4.16205943941003,0.00406205943941003,3.50000000000001e-05,571428.57142857,6.50000000000002e-05,9230769.23076921
0.23,12.8972002012719,0.00408578287926198,4.08578287926198,0.00398578287926198,3.50000000000001e-05,571428.57142857,6.50000000000002e-05,9230769.23076921
0.24,12.9123055538829,0.00405630613061525,4.05630613061525,0.00395630613061525,3.50000000000001e-05,571428.57142857,6.50000000000002e-05,9230769.23076921
0.25,12.9275343310693,0.00404753218709643,4.04753218709643,0.00394753218709643,3.50000000000001e-05,571428.57142857,6.50000000000002e-05,9230769.23076921
0.26,12.9421393083896,0.00404706750532906,4.04706750532906,0.00394706750532906,3.50000000000001e-05,571428.57142857,6.50000000000002e-05,9230769.23076921
0.27,12.9557712387895,0.00404727638289581,4.04727638289581,0.00394727638289581,3.50000000000001e-05,571428.57142857,6.50000000000002e-05,9230769.23076921
0.28,12.9682366864583,0.00404140406101934,4.04140406101934,0.00394140406101934,3.50000000000001e-05,571428.57142857,6.50000000000002e-05,9230769.23076921
0.29,12.9801468473999,0.0040311550109857,4.0311550109857,0.0039311550109857,3.50000000000001e-05,571428.57142857,6.50000000000002e-05,9230769.23076921
0.3,12.9926865644396,0.00403089223926852,4.03089223926852,0.00393089223926852,3.50000000000001e-05,571428.57142857,6.50000000000002e-05,9230769.23076921
0.31,13.0056121426136,0.00404218593890935,4.04218593890935,0.00394218593890935,3.50000000000001e-05,571428.57142857,6.50000000000002e-05,9230769.23076921
0.32,13.0177339245754,0.00405815543869968,4.05815543869968,0.00395815543869968,3.50000000000001e-05,571428.57142857,6.50000000000002e-05,9230769.23076921
0.33,13.0274708655692,0.00406211472020188,4.06211472020188,0.00396211472020187,3.50000000000001e-05,571428.57142857,6.50000000000002e-05,9230769.23076921
0.34,13.0351905580861,0.0040537622162318,4.0537622162318,0.0039537622162318,3.50000000000001e-05,571428.57142857,6.50000000000002e-05,9230769.23076921
0.35,13.0417629795846,0.00403903534054024,4.03903534054024,0.00393903534054024,3.50000000000001e-05,571428.57142857,6.50000000000002e-05,9230769.23076921
0.36,13.0473864408746,0.00401948422631496,4.01948422631496,0.00391948422631496,3.50000000000001e-05,571428.57142857,6.50000000000002e-05,9230769.23076921
0.37,13.0523261785745,0.00399754218045926,3.99754218045926,0.00389754218045926,3.5e-05,571428.571428571,6.5e-05,9230769.23076923
0.38,13.0565756129283,0.00397249763635667,3.97249763635667,0.00387249763635667,3.5e-05,571428.571428571,6.5e-05,9230769.23076923
0.39,13.0602293798241,0.00394490336116406,3.94490336116406,0.00384490336116406,3.5e-05,571428.571428571,6.5e-05,9230769.23076923
0.4,13.0634054700838,0.00391551527003834,3.91551527003834,0.00381551527003834,3.5e-05,571428.571428571,6.5e-05,9230769.23076923
0.41,13.0663681933299,0.00388629953475546,3.88629953475546,0.00378629953475546,3.5e-05,571428.571428571,6.5e-05,9230769.23076923
0.42,13.0695156334781,0.00386033643923719,3.86033643923719,0.00376033643923719,3.5e-05,571428.571428571,6.5e-05,9230769.23076923
0.43,13.0732069337229,0.00384181689975188,3.84181689975188,0.00374181689975188,3.5e-05,571428.571428571,6.5e-05,9230769.23076923
0.44,13.0774184724211,0.00383055836266056,3.83055836266056,0.00373055836266056,3.5e-05,571428.571428571,6.5e-05,9230769.23076923
0.45,13.081894416051,0.00382396308318227,3.82396308318227,0.00372396308318227,3.5e-05,571428.571428571,6.5e-05,9230769.23076923
0.46,13.0860136515659,0.00381590179016952,3.81590179016952,0.00371590179016952,3.5e-05,571428.571428571,6.5e-05,9230769.23076923
0.47,13.089551583661,0.00380393399670783,3.80393399670784,0.00370393399670784,3.5e-05,571428.571428571,6.5e-05,9230769.23076923
0.48,13.0925613735975,0.00378789318254465,3.78789318254465,0.00368789318254465,3.5e-05,571428.571428571,6.5e-05,9230769.23076923
0.49,13.0953201955424,0.0037703336688297,3.7703336688297,0.0036703336688297,3.5e-05,571428.571428571,6.5e-05,9230769.23076923
0.5,13.0979647957018,0.00375271807659243,3.75271807659243,0.00365271807659243,3.5e-05,571428.571428571,6.5e-05,9230769.23076923
0.51,13.1005427728223,0.00373514092233828,3.73514092233828,0.00363514092233828,3.5e-05,571428.571428571,6.5e-05,9230769.23076923
0.52,13.102979483549,0.00371656438892895,3.71656438892895,0.00361656438892895,3.5e-05,571428.571428571,6.5e-05,9230769.23076923
0.53,13.1052482423564,0.00369655900370499,3.69655900370499,0.00359655900370499,3.5e-05,571428.571428571,6.5e-05,9230769.23076923
0.54,13.107566953711,0.00367728449300554,3.67728449300554,0.00357728449300554,3.5e-05,571428.571428571,6.5e-05,9230769.23076923
0.55,13.1102256589085,0.00366131101228637,3.66131101228637,0.00356131101228637,3.5e-05,571428.571428571,6.5e-05,9230769.23076923
0.56,13.1134217808596,0.00365039148514905,3.65039148514905,0.00355039148514905,3.5e-05,571428.571428571,6.5e-05,9230769.23076923
0.57,13.1171859285529,0.00364472627905969,3.64472627905969,0.00354472627905969,3.5e-05,571428.571428571,6.5e-05,9230769.23076923
0.58,13.1213585518458,0.00364290476876841,3.64290476876841,0.00354290476876841,3.5e-05,571428.571428571,6.5e-05,9230769.23076923
0.59,13.1260094490391,0.00364548406335141,3.64548406335141,0.00354548406335141,3.5e-05,571428.571428571,6.5e-05,9230769.23076923
0.6,13.1313032037518,0.00365443561073796,3.65443561073796,0.00355443561073796,3.5e-05,571428.571428571,6.5e-05,9230769.23076923
0.61,13.1376399348276,0.00367428291626878,3.67428291626878,0.00357428291626878,3.5e-05,571428.571428571,6.5e-05,9230769.23076923
0.62,13.1442811769328,0.00369842780081636,3.69842780081636,0.00359842780081636,3.5e-05,571428.571428571,6.5e-05,9230769.23076923
0.63,13.1503613263642,0.00371688294028378,3.71688294028378,0.00361688294028378,3.5e-05,571428.571428571,6.5e-05,9230769.23076923
0.64,13.1556744533224,0.0037252373253039,3.7252373253039,0.0036252373253039,3.5e-05,571428.571428571,6.5e-05,9230769.23076923
0.65,13.1604156647225,0.00372713004425705,3.72713004425705,0.00362713004425705,3.5e-05,571428.571428571,6.5e-05,9230769.23076923
0.66,13.1649512342781,0.00372764462774906,3.72764462774906,0.00362764462774906,3.5e-05,571428.571428571,6.5e-05,9230769.23076923
0.67,13.1697946914858,0.00373327520883636,3.73327520883636,0.00363327520883636,3.5e-05,571428.571428571,6.5e-05,9230769.23076923
0.68,13.1750811793461,0.00374663579552509,3.74663579552509,0.00364663579552509,3.5e-05,571428.571428571,6.5e-05,9230769.23076923
0.69,13.1805723706204,0.00376390156820976,3.76390156820976,0.00366390156820976,3.5e-05,571428.571428571,6.5e-05,9230769.23076923
0.7,13.186264206977,0.00378313439069204,3.78313439069204,0.00368313439069204,3.5e-05,571428.571428571,6.5e-05,9230769.23076923
0.71,13.1922726510316,0.00380407321429754,3.80407321429754,0.00370407321429754,3.5e-05,571428.571428571,6.5e-05,9230769.23076923
0.72,13.1987103606295,0.00382626925819629,3.82626925819629,0.00372626925819629,3.5e-05,571428.571428571,6.5e-05,9230769.23076923
0.73,13.2054666961883,0.00384792038600791,3.84792038600791,0.00374792038600791,3.5e-05,571428.571428571,6.5e-05,9230769.23076923
0.74,13.2125004667592,0.00387056881015832,3.87056881015832,0.00377056881015832,3.5e-05,571428.571428571,6.5e-05,9230769.23076923
0.75,13.220052271431,0.00389928158601074,3.89928158601074,0.00379928158601074,3.5e-05,571428.571428571,6.5e-05,9230769.23076923
0.76,13.2273189056449,0.00393066814201952,3.93066814201952,0.00383066814201952,3.5e-05,571428.571428571,6.5e-05,9230769.23076923
0.77,13.2338598799986,0.00396238884264632,3.96238884264632,0.00386238884264633,3.5e-05,571428.571428571,6.5e-05,9230769.23076923
0.78,13.2402244371442,0.00399531484274195,3.99531484274195,0.00389531484274195,3.5e-05,571428.571428571,6.5e-05,9230769.23076923
0.79,13.2467347390974,0.00403100177671348,4.03100177671348,0.00393100177671348,3.50000000000001e-05,571428.57142857,6.50000000000002e-05,9230769.23076921
0.8,13.2525646054649,0.00405998160638924,4.05998160638924,0.00395998160638924,3.50000000000001e-05,571428.57142857,6.50000000000002e-05,9230769.23076921
0.81,13.2567418428828,0.00407190354945827,4.07190354945827,0.00397190354945827,3.50000000000001e-05,571428.57142857,6.50000000000002e-05,9230769.23076921
0.82,13.2593979004109,0.00406961516351477,4.06961516351477,0.00396961516351477,3.50000000000001e-05,571428.57142857,6.50000000000002e-05,9230769.23076921
0.83,13.2615596146007,0.00406314060189779,4.06314060189779,0.00396314060189779,3.50000000000001e-05,571428.57142857,6.50000000000002e-05,9230769.23076921
0.84,13.2635871613973,0.00405468158841134,4.05468158841134,0.00395468158841134,3.50000000000001e-05,571428.57142857,6.50000000000002e-05,9230769.23076921
0.85,13.2658143928995,0.00404612988942457,4.04612988942457,0.00394612988942457,3.50000000000001e-05,571428.57142857,6.50000000000002e-05,9230769.23076921
0.86,13.2683544690245,0.004036506225858,4.036506225858,0.003936506225858,3.50000000000001e-05,571428.57142857,6.50000000000002e-05,9230769.23076921
0.87,13.2707043981618,0.00401758577850863,4.01758577850863,0.00391758577850863,3.50000000000001e-05,571428.57142857,6.50000000000002e-05,9230769.23076921
0.88,13.2729408816483,0.00399366050928212,3.99366050928212,0.00389366050928212,3.5e-05,571428.571428571,6.5e-05,9230769.23076923
0.89,13.2752878851671,0.00397130017230825,3.97130017230825,0.00387130017230825,3.5e-05,571428.571428571,6.5e-05,9230769.23076923
0.9,13.2785208749272,0.00396112280225664,3.96112280225664,0.00386112280225664,3.5e-05,571428.571428571,6.5e-05,9230769.23076923
0.91,13.2827151890969,0.00396129149889842,3.96129149889842,0.00386129149889842,3.5e-05,571428.571428571,6.5e-05,9230769.23076923
0.92,13.2867635372137,0.00395865971955283,3.95865971955283,0.00385865971955283,3.5e-05,571428.571428571,6.5e-05,9230769.23076923
0.93,13.2898588041216,0.00394280293991111,3.94280293991111,0.00384280293991111,3.5e-05,571428.571428571,6.5e-05,9230769.23076923
0.94,13.291562232772,0.00390338612553958,3.90338612553958,0.00380338612553958,3.5e-05,571428.571428571,6.5e-05,9230769.23076923
0.95,13.2916559320935,0.00383778325114094,3.83778325114094,0.00373778325114094,3.5e-05,571428.571428571,6.5e-05,9230769.23076923
